<application>
  <component name="XDebuggerSettings">
    <data-views>
      <option name="valueLookupDelay" value="150" />
    </data-views>
    <general />
    <debuggers>
      <debugger id="dotnet_debugger">
        <configuration>
          <option name="evaluationTimeoutMs" value="20000" />
          <option name="userUnhandledExceptionsIgnoreList">
            <list>
              <option value="System.OperationCanceledException" />
              <option value="System.Threading.Tasks.TaskCanceledException" />
              <option value="System.Threading.ThreadAbortException" />
              <option value="CorporateInitiativeCompass.Shared.Error.Exception.ValidationException" />
              <option value="System.NullReferenceException" />
            </list>
          </option>
        </configuration>
      </debugger>
      <debugger id="ObjectiveC">
        <configuration>
          <nt-symbol-settings />
        </configuration>
      </debugger>
      <debugger id="javascript">
        <configuration>
          <custom-object-presentation />
        </configuration>
      </debugger>
    </debuggers>
  </component>
</application>