<application>
  <component name="ProjectManager">
    <defaultProject>
      <component name="WindowStateProjectService">
        <state x="2315" y="292" key="Rider.ProjectTemplateDialog.Size" timestamp="1703766034238">
          <screen x="1728" y="25" width="1920" height="1055" />
        </state>
        <state x="464" y="313" key="Rider.ProjectTemplateDialog.Size/0.38.1728.1079" timestamp="1699037757438" />
        <state x="2315" y="292" key="Rider.ProjectTemplateDialog.Size/0.38.1728.1079/1728.25.1920.1055" timestamp="1703766034238" />
      </component>
    </defaultProject>
  </component>
</application>