<keymap version="1" name="IntelliJ copy" parent="Mac OS X 10.5+">
  <action id="ActivateTerminalToolWindow">
    <keyboard-shortcut first-keystroke="meta t" />
  </action>
  <action id="Arrangement.Alias.Rule.Add">
    <keyboard-shortcut first-keystroke="meta n" />
  </action>
  <action id="Arrangement.Rule.Add">
    <keyboard-shortcut first-keystroke="meta n" />
  </action>
  <action id="ChangesView.ToggleCommitUi" />
  <action id="CheckinProject" />
  <action id="CommentByLineComment">
    <keyboard-shortcut first-keystroke="shift meta w" />
  </action>
  <action id="EditorCutLineEnd" />
  <action id="EditorDown">
    <keyboard-shortcut first-keystroke="down" />
    <keyboard-shortcut first-keystroke="meta j" />
    <keyboard-shortcut first-keystroke="ctrl j" />
  </action>
  <action id="EditorJoinLines" />
  <action id="EditorRight">
    <keyboard-shortcut first-keystroke="right" />
  </action>
  <action id="EditorUp">
    <keyboard-shortcut first-keystroke="up" />
    <keyboard-shortcut first-keystroke="meta k" />
    <keyboard-shortcut first-keystroke="ctrl k" />
  </action>
  <action id="Generate">
    <keyboard-shortcut first-keystroke="meta n" />
  </action>
  <action id="Git.Commit.Stage" />
  <action id="GotoLine" />
  <action id="GotoRow" />
  <action id="InsertLiveTemplate" />
  <action id="Jdbc.OpenConsole.New" />
  <action id="Jdbc.OpenConsole.New.Generate" />
  <action id="NewElement">
    <keyboard-shortcut first-keystroke="meta n" />
  </action>
  <action id="QuickJavaDoc">
    <keyboard-shortcut first-keystroke="f1" />
    <mouse-shortcut keystroke="control button2" />
  </action>
  <action id="RiderCoveringTestsPopupCoverAllTestsAction" />
  <action id="RiderNuGetQuickDocAction">
    <keyboard-shortcut first-keystroke="f1" />
    <mouse-shortcut keystroke="control button2" />
  </action>
  <action id="RiderUnitTestRunSolutionTwAction" />
  <action id="SearchEverywhere.NextTab" />
  <action id="ServiceView.AddService">
    <keyboard-shortcut first-keystroke="meta n" />
  </action>
  <action id="ShowIntentionActions">
    <keyboard-shortcut first-keystroke="alt h" />
    <keyboard-shortcut first-keystroke="ctrl enter" />
  </action>
  <action id="Terminal.ClearBuffer" />
  <action id="Terminal.NewTab" />
  <action id="Uml.NewElement">
    <keyboard-shortcut first-keystroke="meta n" />
  </action>
  <action id="Vcs.Log.FocusTextFilter" />
  <action id="Vcs.Log.ShowTooltip">
    <keyboard-shortcut first-keystroke="f1" />
    <mouse-shortcut keystroke="control button2" />
  </action>
  <action id="Vcs.UpdateProject" />
</keymap>