<keymap version="1" name="IntelliJ copy" parent="Mac OS X 10.5+">
  <action id="ActivateTerminalToolWindow">
    <keyboard-shortcut first-keystroke="meta t" />
  </action>
  <action id="ChangesView.ToggleCommitUi" />
  <action id="CheckinProject" />
  <action id="CommentByLineComment">
    <keyboard-shortcut first-keystroke="shift meta w" />
  </action>
  <action id="EditorDown">
    <keyboard-shortcut first-keystroke="down" />
    <keyboard-shortcut first-keystroke="meta j" />
  </action>
  <action id="EditorJoinLines" />
  <action id="EditorRight">
    <keyboard-shortcut first-keystroke="right" />
    <keyboard-shortcut first-keystroke="meta l" />
  </action>
  <action id="EditorUp">
    <keyboard-shortcut first-keystroke="up" />
    <keyboard-shortcut first-keystroke="meta k" />
  </action>
  <action id="Git.Commit.Stage" />
  <action id="GotoLine" />
  <action id="GotoRow" />
  <action id="InsertLiveTemplate" />
  <action id="RiderCoveringTestsPopupCoverAllTestsAction" />
  <action id="RiderUnitTestRunSolutionTwAction" />
  <action id="Terminal.ClearBuffer" />
  <action id="Terminal.NewTab" />
  <action id="Vcs.Log.FocusTextFilter" />
  <action id="Vcs.UpdateProject" />
</keymap>